Timestamp,Station_ID,Turbidite_NTU,Oxygene_Dissous_mgL,Etat_Eau
2026-01-01 00:00:00,SENSOR_118,5.216239508553695,8.765456174761788,0
2026-01-01 01:00:00,SENSOR_294,0.1674240234387816,5.130430244330366,1
2026-01-01 02:00:00,SENSOR_429,7.250234520802924,3.7860931230348744,1
2026-01-01 03:00:00,SENSOR_274,4.785012960751494,3.7159604344304986,0
2026-01-01 04:00:00,SENSOR_548,5.620517149953436,6.836996541979061,0
2026-01-01 05:00:00,SENSOR_453,4.14316139083798,5.8666385473809095,0
2026-01-01 06:00:00,SENSOR_598,5.539722662908025,7.7664266158900706,0
2026-01-01 07:00:00,SENSOR_240,7.20379800383181,2.647863069470901,1
2026-01-01 08:00:00,SENSOR_857,4.923458399082744,10.892002563475257,1
2026-01-01 09:00:00,SENSOR_996,1.2112089909744472,7.0056930041542325,1
2026-01-01 10:00:00,SENSOR_192,3.7920237419883773,5.799726994246447,0
2026-01-01 11:00:00,SENSOR_338,9.948394603111868,7.260166482371468,1
2026-01-01 12:00:00,SENSOR_304,8.996147898319819,5.85712515383859,1
2026-01-01 13:00:00,SENSOR_659,5.773122095559153,7.325936751615334,0
2026-01-01 14:00:00,SENSOR_532,4.72121064055246,6.135140453777739,0
2026-01-01 15:00:00,SENSOR_344,5.951107150275665,6.9827047448040895,0
2026-01-01 16:00:00,SENSOR_931,4.795834416745729,7.918575840810952,0
2026-01-01 17:00:00,SENSOR_416,2.4036754310675486,5.501988066912084,0
2026-01-01 18:00:00,SENSOR_394,7.077387351104548,6.313608416543722,0
2026-01-01 19:00:00,SENSOR_739,5.685003991082612,6.781978679361467,0
2026-01-01 20:00:00,SENSOR_955,4.123106768855579,3.770422484838418,1
2026-01-01 21:00:00,SENSOR_381,4.087787151536331,7.163306512351712,0
2026-01-01 22:00:00,SENSOR_116,6.3854485142564235,6.638158950545838,0
2026-01-01 23:00:00,SENSOR_170,6.624811103297627,6.744545530842599,0
2026-01-02 00:00:00,SENSOR_368,6.197240646137146,5.205622775135511,0
2026-01-02 01:00:00,SENSOR_424,1.795446190606724,8.6852604676601,1
2026-01-02 02:00:00,SENSOR_893,5.193021350708729,5.778091036368138,0
2026-01-02 03:00:00,SENSOR_404,5.911498149131484,4.0324599207099725,0
2026-01-02 04:00:00,SENSOR_550,3.837565627658619,10.634829756682315,0
2026-01-02 05:00:00,SENSOR_106,5.5792166700763355,7.63646820931495,0
2026-01-02 06:00:00,SENSOR_413,7.25682560476125,7.415765550342133,1
2026-01-02 07:00:00,SENSOR_916,4.289722003015491,6.61441657070549,0
2026-01-02 08:00:00,SENSOR_202,5.1704221641495876,7.843677039106478,0
2026-01-02 09:00:00,SENSOR_920,8.536923865512598,11.650741462762108,1
2026-01-02 10:00:00,SENSOR_292,9.078687203497461,10.070819890220628,1
2026-01-02 11:00:00,SENSOR_852,3.479720467630989,2.2195148903135435,1
2026-01-02 12:00:00,SENSOR_673,3.7584548127499966,8.260051732516905,0
2026-01-02 13:00:00,SENSOR_628,4.895279684384045,6.6328366501313845,0
2026-01-02 14:00:00,SENSOR_270,7.4020241022575295,8.206534154027196,1
2026-01-02 15:00:00,SENSOR_636,2.7028382328872964,7.868957782851873,0
2026-01-02 16:00:00,SENSOR_350,4.572561176935779,7.262381858194011,0
2026-01-02 17:00:00,SENSOR_864,5.953860287907428,4.767280658694264,0
2026-01-02 18:00:00,SENSOR_486,3.7350795558262053,5.905842747574943,0
2026-01-02 19:00:00,SENSOR_306,1.4056954419481298,2.54167640901063,1
2026-01-02 20:00:00,SENSOR_640,6.150616055695385,6.507628457119342,0
2026-01-02 21:00:00,SENSOR_728,3.553634563359218,5.719743136254398,1
2026-01-02 22:00:00,SENSOR_515,5.096015152880437,9.112384050764545,0
2026-01-02 23:00:00,SENSOR_893,7.026366454161826,7.218584450329111,0
2026-01-03 00:00:00,SENSOR_479,6.622194132454861,4.5940782328882195,0
2026-01-03 01:00:00,SENSOR_243,6.453252950814827,8.18287570963415,0
2026-01-03 02:00:00,SENSOR_124,7.875757213787301,2.517308448175927,1
2026-01-03 03:00:00,SENSOR_921,0.9208123509981956,5.812742416765934,1
2026-01-03 04:00:00,SENSOR_767,8.843801273592572,4.701695340811106,1
2026-01-03 05:00:00,SENSOR_172,5.75859149219089,1.295803559896623,1
2026-01-03 06:00:00,SENSOR_731,7.83008609530457,7.205465695921118,0
2026-01-03 07:00:00,SENSOR_923,3.10696390113157,12.795030754316933,1
2026-01-03 08:00:00,SENSOR_932,5.126728092208842,6.832295950716945,0
2026-01-03 09:00:00,SENSOR_192,4.0467508139258355,7.723418041608696,0
2026-01-03 10:00:00,SENSOR_604,4.575402444589617,7.031927175480145,0
2026-01-03 11:00:00,SENSOR_697,3.107029655884066,4.759261779084563,0
2026-01-03 12:00:00,SENSOR_435,6.644298912425923,6.006698828714399,0
2026-01-03 13:00:00,SENSOR_524,6.175033146927342,6.961246365631999,0
2026-01-03 14:00:00,SENSOR_598,5.293459665452706,1.9601217405642346,1
2026-01-03 15:00:00,SENSOR_463,4.971080279096348,10.250597958613904,0
2026-01-03 16:00:00,SENSOR_729,3.8931903937024352,8.189043138018299,0
2026-01-03 17:00:00,SENSOR_844,4.368791794665868,3.356081991147807,0
2026-01-03 18:00:00,SENSOR_298,4.772066942328838,7.7848724815387875,0
2026-01-03 19:00:00,SENSOR_817,8.407156073570976,11.072129114594127,1
2026-01-03 20:00:00,SENSOR_512,4.764841204448819,7.613737246430967,0
2026-01-03 21:00:00,SENSOR_438,3.154956579268799,12.23888541693658,1
2026-01-03 22:00:00,SENSOR_758,4.311060727779083,12.3352605303231,1
2026-01-03 23:00:00,SENSOR_528,4.707002839527005,7.988959576679209,0
2026-01-04 00:00:00,SENSOR_882,5.844173773992386,8.348174886514686,0
2026-01-04 01:00:00,SENSOR_998,9.296305057732635,8.414031755908537,1
2026-01-04 02:00:00,SENSOR_238,8.067498863599596,6.562301321251415,1
2026-01-04 03:00:00,SENSOR_792,2.420076671070949,9.95385507392188,1
2026-01-04 04:00:00,SENSOR_641,2.2180233386798975,10.397764699193225,1
2026-01-04 05:00:00,SENSOR_156,5.182653290165353,7.291314510480008,0
2026-01-04 06:00:00,SENSOR_331,5.496149650308997,9.657026331180393,0
2026-01-04 07:00:00,SENSOR_757,5.049221058641981,6.430452705932725,0
2026-01-04 08:00:00,SENSOR_534,5.551022297714212,1.5649587858481826,1
2026-01-04 09:00:00,SENSOR_483,7.9270364129390645,9.875280962189734,1
2026-01-04 10:00:00,SENSOR_659,3.4006585127086226,7.98570170639835,0
2026-01-04 11:00:00,SENSOR_293,4.954895120868413,6.6558015381706275,0
2026-01-04 12:00:00,SENSOR_835,5.8643791851891125,5.928896331158709,0
2026-01-04 13:00:00,SENSOR_747,3.614555120026427,7.850369849401647,0
2026-01-04 14:00:00,SENSOR_633,3.282524958642927,5.498447840239456,1
2026-01-04 15:00:00,SENSOR_617,5.930233555333086,9.944090271979228,1
2026-01-04 16:00:00,SENSOR_815,9.153304591377491,6.887398483647578,1
2026-01-04 17:00:00,SENSOR_850,5.857600267581116,10.962278080727625,0
2026-01-04 18:00:00,SENSOR_284,5.422265902729137,6.866988204387839,0
2026-01-04 19:00:00,SENSOR_971,3.1423989683066083,3.885471242378034,1
2026-01-04 20:00:00,SENSOR_391,1.6011090184135333,3.5633736307482096,1
2026-01-04 21:00:00,SENSOR_434,2.469801625300905,7.165928167913078,0
2026-01-04 22:00:00,SENSOR_831,5.282987600359177,11.80730324636354,1
2026-01-04 23:00:00,SENSOR_215,6.442897726154922,10.530481688869422,0
2026-01-05 00:00:00,SENSOR_924,5.951019783645844,11.09994875500245,0
2026-01-05 01:00:00,SENSOR_148,6.950409376538196,11.226105023586232,0
2026-01-05 02:00:00,SENSOR_784,5.225747982461552,7.382054831135453,0
2026-01-05 03:00:00,SENSOR_181,4.780632929367295,7.920542781260429,0
2026-01-05 04:00:00,SENSOR_933,5.159877868445481,7.36735167490195,0
2026-01-05 05:00:00,SENSOR_432,7.730291391801288,6.197139376776928,1
2026-01-05 06:00:00,SENSOR_656,6.202853301583575,6.087121789812378,0
2026-01-05 07:00:00,SENSOR_434,6.961464194000454,5.611325041090663,0
2026-01-05 08:00:00,SENSOR_631,9.323035268587965,7.101946656154268,1
2026-01-05 09:00:00,SENSOR_320,6.100182033899455,9.36716357278632,0
2026-01-05 10:00:00,SENSOR_734,2.8969494742800683,8.097396674522972,0
2026-01-05 11:00:00,SENSOR_845,5.655888638904055,3.2052206200571107,1
2026-01-05 12:00:00,SENSOR_832,5.192113729854086,6.656277017170319,0
2026-01-05 13:00:00,SENSOR_422,5.079425708094273,7.497263736715572,0
2026-01-05 14:00:00,SENSOR_950,4.472297736843343,4.216361661562074,0
2026-01-05 15:00:00,SENSOR_102,4.761147371858728,7.787516184117288,0
2026-01-05 16:00:00,SENSOR_793,6.268960767219878,13.66940220727983,1
2026-01-05 17:00:00,SENSOR_305,1.1756911199449973,6.0095356654635586,1
2026-01-05 18:00:00,SENSOR_931,1.9383936824009402,4.392200640927646,1
2026-01-05 19:00:00,SENSOR_139,1.0557188523068932,4.258405695049021,1
2026-01-05 20:00:00,SENSOR_158,8.536314553487701,10.408508245864871,1
2026-01-05 21:00:00,SENSOR_673,5.82496626143861,6.7112012703926975,0
2026-01-05 22:00:00,SENSOR_743,4.398470687366235,12.53787659907457,1
2026-01-05 23:00:00,SENSOR_606,6.515217307063943,9.381204827448412,0
2026-01-06 00:00:00,SENSOR_671,7.681582315946582,3.712591768432943,1
2026-01-06 01:00:00,SENSOR_983,8.587281452270654,5.077002783281321,1
2026-01-06 02:00:00,SENSOR_942,6.6759080470214505,6.676717573958853,0
2026-01-06 03:00:00,SENSOR_221,4.965570212057881,6.342328661468821,0
2026-01-06 04:00:00,SENSOR_578,4.898563610676369,6.7620315385946235,0
2026-01-06 05:00:00,SENSOR_718,3.722404897486621,7.288908017481509,0
2026-01-06 06:00:00,SENSOR_195,8.727104405616734,10.433188979249898,1
2026-01-06 07:00:00,SENSOR_958,1.2865955605499388,9.813611647530887,1
2026-01-06 08:00:00,SENSOR_513,5.096675719323085,7.458813615262927,0
2026-01-06 09:00:00,SENSOR_334,4.767336651510136,10.323906364691968,0
2026-01-06 10:00:00,SENSOR_997,4.167667706171452,4.064592467355703,0
2026-01-06 11:00:00,SENSOR_161,4.025711710514503,7.414356543117515,0
2026-01-06 12:00:00,SENSOR_355,4.864639854096434,6.808729749525435,0
2026-01-06 13:00:00,SENSOR_660,5.791792802944249,9.971089664875365,0
2026-01-06 14:00:00,SENSOR_447,2.8802620450296317,1.5486990957559086,1
2026-01-06 15:00:00,SENSOR_770,6.388309030235079,8.224867901600497,0
2026-01-06 16:00:00,SENSOR_223,6.528161222104655,4.764830263293734,0
2026-01-06 17:00:00,SENSOR_581,1.4616676811183413,7.149892949808054,1
2026-01-06 18:00:00,SENSOR_416,3.489763821496161,7.815731073243397,0
2026-01-06 19:00:00,SENSOR_603,0.8363883102002777,3.5773097702279233,1
2026-01-06 20:00:00,SENSOR_818,7.4125738513444395,2.394452719120612,1
2026-01-06 21:00:00,SENSOR_147,3.5967257479059267,7.618537537101359,0
2026-01-06 22:00:00,SENSOR_508,3.95399976133406,4.482327514952316,0
2026-01-06 23:00:00,SENSOR_235,4.539058892315847,7.631033596004647,0
2026-01-07 00:00:00,SENSOR_300,4.307082553982213,8.313480052280593,0
2026-01-07 01:00:00,SENSOR_349,4.732122226720349,6.599205643097893,0
2026-01-07 02:00:00,SENSOR_413,6.023502700760241,3.882668116710833,1
2026-01-07 03:00:00,SENSOR_968,3.712170721056034,4.673232960392209,0
2026-01-07 04:00:00,SENSOR_467,5.239126579729484,7.13737713404576,0
2026-01-07 05:00:00,SENSOR_528,6.051228282345601,6.201304701761057,0
2026-01-07 06:00:00,SENSOR_929,4.112084577091009,2.130287323489501,1
2026-01-07 07:00:00,SENSOR_906,6.048045407327274,6.59662570937458,0
2026-01-07 08:00:00,SENSOR_579,4.8992260482292185,6.581613848958081,0
2026-01-07 09:00:00,SENSOR_413,3.8233631294438513,4.2803610559499745,0
2026-01-07 10:00:00,SENSOR_599,1.8016729104636833,3.4494248165751205,1
2026-01-07 11:00:00,SENSOR_820,5.851118226161728,6.854851585747522,0
2026-01-07 12:00:00,SENSOR_454,6.601443204569347,10.594858812717545,1
2026-01-07 13:00:00,SENSOR_584,7.118753137163325,3.3588856190762626,1
2026-01-07 14:00:00,SENSOR_310,6.237676724140621,6.801553474079103,0
2026-01-07 15:00:00,SENSOR_803,8.276309634221604,7.928082098007916,1
2026-01-07 16:00:00,SENSOR_143,4.696376793600689,3.8033329032751366,0
2026-01-07 17:00:00,SENSOR_640,7.405416990099052,10.542314140353936,1
2026-01-07 18:00:00,SENSOR_670,3.136903662271613,10.22569479997317,1
2026-01-07 19:00:00,SENSOR_682,4.780657399955177,3.8016000881208596,0
2026-01-07 20:00:00,SENSOR_191,5.3140029561455115,7.857577953783519,0
2026-01-07 21:00:00,SENSOR_364,6.6641266549079825,2.5808395578093237,1
2026-01-07 22:00:00,SENSOR_994,6.018179984442108,5.887267770419028,0
2026-01-07 23:00:00,SENSOR_319,3.834166427370951,6.853206525867137,0
2026-01-08 00:00:00,SENSOR_541,5.365569372855497,7.5058597688843225,0
2026-01-08 01:00:00,SENSOR_500,4.1559125431766075,10.58213690917989,0
2026-01-08 02:00:00,SENSOR_499,2.887282905715907,4.819007991078957,1
2026-01-08 03:00:00,SENSOR_826,5.298759269692036,7.547001351620419,0
2026-01-08 04:00:00,SENSOR_998,2.835363076622475,4.257826820913315,0
2026-01-08 05:00:00,SENSOR_888,5.377949935409598,9.252900807279785,0
2026-01-08 06:00:00,SENSOR_675,2.628652398181279,3.8605733876281922,1
2026-01-08 07:00:00,SENSOR_957,4.5086153681490355,7.409812468459458,0
2026-01-08 08:00:00,SENSOR_903,5.715151323489924,3.1956408100336215,1
2026-01-08 09:00:00,SENSOR_589,7.241668088075964,9.810845997349533,0
2026-01-08 10:00:00,SENSOR_584,5.129875087222231,1.2438643735983206,1
2026-01-08 11:00:00,SENSOR_856,4.129139920083514,6.742241611530747,0
2026-01-08 12:00:00,SENSOR_569,6.497263452185145,6.6780819566463565,0
2026-01-08 13:00:00,SENSOR_673,4.4888430299892725,7.579177779332387,0
2026-01-08 14:00:00,SENSOR_943,2.3501660073760973,3.4293189657401237,1
2026-01-08 15:00:00,SENSOR_781,7.957522417568146,3.9215615514362323,1
2026-01-08 16:00:00,SENSOR_544,5.407629169199579,7.484598651376271,0
2026-01-08 17:00:00,SENSOR_368,7.3182958962835265,4.942636679392863,1
2026-01-08 18:00:00,SENSOR_366,3.9007000622892414,3.080023705119048,1
2026-01-08 19:00:00,SENSOR_153,8.146302437472366,9.661826652688182,0
2026-01-08 20:00:00,SENSOR_627,4.084865566197744,10.230350379804442,0
2026-01-08 21:00:00,SENSOR_619,4.5484413970332565,5.6245095928149,0
2026-01-08 22:00:00,SENSOR_715,5.364819677802943,7.4580625669578255,0
2026-01-08 23:00:00,SENSOR_158,1.7685135335324589,5.151339291691738,1
2026-01-09 00:00:00,SENSOR_924,2.059230246121672,11.203227607771982,1
2026-01-09 01:00:00,SENSOR_139,2.857463944708849,4.621322376284028,1
2026-01-09 02:00:00,SENSOR_336,6.938244217844143,8.378249319476916,0
2026-01-09 03:00:00,SENSOR_485,6.3148805256023515,5.924015717754175,0
2026-01-09 04:00:00,SENSOR_705,8.423538119171482,6.54864792726059,1
2026-01-09 05:00:00,SENSOR_833,9.59024250770643,6.717340938608209,1
2026-01-09 06:00:00,SENSOR_815,3.632453154265256,0.0,1
2026-01-09 07:00:00,SENSOR_749,7.788338650005363,11.12520261798053,1
2026-01-09 08:00:00,SENSOR_399,4.775006418707262,2.795788229747668,1
2026-01-09 09:00:00,SENSOR_494,4.4522964123091615,6.1225630832959075,0
2026-01-09 10:00:00,SENSOR_306,5.932324331972144,7.633417188563708,0
2026-01-09 11:00:00,SENSOR_435,3.673846567686563,13.016210761146457,1
2026-01-09 12:00:00,SENSOR_692,1.9847276202865005,7.3604075213769695,1
2026-01-09 13:00:00,SENSOR_829,5.3865513475277735,7.711867767522407,0
2026-01-09 14:00:00,SENSOR_613,5.4982021965263925,7.602555468405967,0
2026-01-09 15:00:00,SENSOR_277,2.577382017124224,9.36474770509035,1
2026-01-09 16:00:00,SENSOR_495,5.70425558872893,8.225567897227778,0
2026-01-09 17:00:00,SENSOR_470,6.045566957944742,7.619725442966463,0
2026-01-09 18:00:00,SENSOR_957,2.6289104413957527,8.74663937886702,0
2026-01-09 19:00:00,SENSOR_890,1.026464119238987,7.474368314666676,1
2026-01-09 20:00:00,SENSOR_757,6.41241286634366,10.487031776957437,1
2026-01-09 21:00:00,SENSOR_417,4.822937288179134,5.318572275239403,0
2026-01-09 22:00:00,SENSOR_835,4.786429180897748,4.380940840176993,1
2026-01-09 23:00:00,SENSOR_468,5.050107799804842,8.514974091026154,0
2026-01-10 00:00:00,SENSOR_483,6.331467000910523,8.252413115060005,0
2026-01-10 01:00:00,SENSOR_161,3.688075651330413,3.3246614550657467,1
2026-01-10 02:00:00,SENSOR_905,3.203488874403579,3.8795379082952213,1
2026-01-10 03:00:00,SENSOR_604,5.1457152833717785,13.438900637992596,1
2026-01-10 04:00:00,SENSOR_338,7.6119168956294985,5.5522511822644915,1
2026-01-10 05:00:00,SENSOR_294,6.594763947630762,10.163125444205503,0
2026-01-10 06:00:00,SENSOR_777,4.168497290066322,6.956689775474212,0
2026-01-10 07:00:00,SENSOR_321,5.940355654707425,5.567856643321479,0
2026-01-10 08:00:00,SENSOR_160,3.532112786785758,7.59290914359388,0
2026-01-10 09:00:00,SENSOR_228,4.1619298839387,5.997693278750993,0
2026-01-10 10:00:00,SENSOR_784,1.020223253268279,10.531370220632859,1
2026-01-10 11:00:00,SENSOR_255,4.314835474331873,9.157709794502459,0
2026-01-10 12:00:00,SENSOR_477,8.480779549435475,5.749444350167002,1
2026-01-10 13:00:00,SENSOR_721,2.359839578191891,9.23698147859192,1
2026-01-10 14:00:00,SENSOR_880,7.186290013866369,3.2014195127904017,1
2026-01-10 15:00:00,SENSOR_967,5.5895942285195055,10.741211634437526,0
2026-01-10 16:00:00,SENSOR_889,5.597406564137055,10.710541776470645,0
2026-01-10 17:00:00,SENSOR_685,6.532578574891459,6.8673179329544745,0
2026-01-10 18:00:00,SENSOR_536,4.24252433165366,5.998830923612882,0
2026-01-10 19:00:00,SENSOR_306,2.240472924238092,10.005260582302729,1
2026-01-10 20:00:00,SENSOR_487,5.958749826148457,6.0647454664668965,0
2026-01-10 21:00:00,SENSOR_579,5.45129282631142,8.034047131908048,0
2026-01-10 22:00:00,SENSOR_890,7.045113267573137,5.220020212311209,1
2026-01-10 23:00:00,SENSOR_986,5.314438121755413,8.258284836096745,0
2026-01-11 00:00:00,SENSOR_937,7.885761714757425,2.7923922056472597,1
2026-01-11 01:00:00,SENSOR_439,6.001859641370232,1.7605836518068627,1
2026-01-11 02:00:00,SENSOR_968,5.599550438922384,1.685262323450066,1
2026-01-11 03:00:00,SENSOR_439,5.557725886297252,4.810882148629546,0
2026-01-11 04:00:00,SENSOR_303,4.780967833322115,6.884040663349907,0
2026-01-11 05:00:00,SENSOR_260,1.4503076035762394,2.5820725211312054,1
2026-01-11 06:00:00,SENSOR_639,6.822260404086382,9.794604666813541,0
2026-01-11 07:00:00,SENSOR_491,9.440638559461265,8.407329104730575,1
2026-01-11 08:00:00,SENSOR_868,9.860874337982823,5.505608080849267,1
2026-01-11 09:00:00,SENSOR_776,1.8829069369517428,3.6007170200995895,1
2026-01-11 10:00:00,SENSOR_674,4.994426205818426,4.989727821627988,0
2026-01-11 11:00:00,SENSOR_633,2.387916297468728,6.5154457017992184,0
2026-01-11 12:00:00,SENSOR_169,7.06792313625627,9.606925779005941,1
2026-01-11 13:00:00,SENSOR_992,5.23888331917735,7.586473758415121,0
2026-01-11 14:00:00,SENSOR_504,4.737142554955477,6.377057971466913,0
2026-01-11 15:00:00,SENSOR_707,2.770800250976111,8.95718048853946,0
2026-01-11 16:00:00,SENSOR_774,5.537678015555336,11.724159033867126,1
2026-01-11 17:00:00,SENSOR_690,2.0469283275888,7.9604206716514145,1
2026-01-11 18:00:00,SENSOR_616,7.192018217681157,8.26579586416205,0
2026-01-11 19:00:00,SENSOR_927,4.595176255505601,6.971715282910244,0
2026-01-11 20:00:00,SENSOR_219,5.346297368979389,11.964084846831902,1
2026-01-11 21:00:00,SENSOR_913,6.7408581526806675,1.866075447094128,1
2026-01-11 22:00:00,SENSOR_789,4.553185658741095,7.817974798693116,0
2026-01-11 23:00:00,SENSOR_787,2.134879032584051,7.517365250245137,0
2026-01-12 00:00:00,SENSOR_316,8.066694700263731,6.240009211442836,1
2026-01-12 01:00:00,SENSOR_155,7.750676534249172,8.75115579548932,1
2026-01-12 02:00:00,SENSOR_465,2.2395358437522757,9.749312010757924,1
2026-01-12 03:00:00,SENSOR_798,1.1427172931676048,7.112991992820537,1
2026-01-12 04:00:00,SENSOR_603,3.481798175965384,5.785516984333897,0
2026-01-12 05:00:00,SENSOR_843,4.60276878727555,8.983827125839941,0
2026-01-12 06:00:00,SENSOR_866,3.516046382574842,2.315847172219944,1
2026-01-12 07:00:00,SENSOR_554,7.077257925898781,2.905974476793224,1
2026-01-12 08:00:00,SENSOR_203,5.777008417093184,1.999368422580459,1
2026-01-12 09:00:00,SENSOR_176,9.348423348954096,8.84686061620184,1
2026-01-12 10:00:00,SENSOR_329,1.9946171694217287,6.888735141267872,0
2026-01-12 11:00:00,SENSOR_357,7.4846538927020365,9.95761169837145,0
2026-01-12 12:00:00,SENSOR_363,5.070494415756961,12.06072910617781,1
2026-01-12 13:00:00,SENSOR_430,8.017762807696698,6.851829172993622,1
2026-01-12 14:00:00,SENSOR_281,7.352560421149602,11.013974176019191,1
2026-01-12 15:00:00,SENSOR_992,1.2529752159201082,7.356622012275869,1
2026-01-12 16:00:00,SENSOR_867,2.261319649317549,4.037278732146619,1
2026-01-12 17:00:00,SENSOR_649,4.591122279267132,5.352336716696357,0
2026-01-12 18:00:00,SENSOR_787,2.973621136695993,5.945096838768968,0
2026-01-12 19:00:00,SENSOR_126,5.5458771889396195,7.437460349676741,0
2026-01-12 20:00:00,SENSOR_375,3.112198580147494,9.648437947634543,0
2026-01-12 21:00:00,SENSOR_751,4.809376053017199,7.22008902328698,0
2026-01-12 22:00:00,SENSOR_398,6.797717025198683,8.671214111522843,0
2026-01-12 23:00:00,SENSOR_898,3.3030990901716244,9.763105441624289,0
2026-01-13 00:00:00,SENSOR_190,6.2000797296818835,7.465835997078513,0
2026-01-13 01:00:00,SENSOR_579,6.50745587733681,7.746903466555866,0
2026-01-13 02:00:00,SENSOR_672,4.550906776823391,6.951348459021516,0
2026-01-13 03:00:00,SENSOR_557,5.091223031293391,7.406614382624207,0
2026-01-13 04:00:00,SENSOR_550,1.4375692446567148,5.17622007959358,1
2026-01-13 05:00:00,SENSOR_464,3.8026466754368906,4.4661750953958625,0
2026-01-13 06:00:00,SENSOR_958,5.718679437602946,7.2139512102016,0
2026-01-13 07:00:00,SENSOR_774,5.281094931822684,9.721433865819824,0
2026-01-13 08:00:00,SENSOR_450,7.204053386824787,11.926191682674547,1
2026-01-13 09:00:00,SENSOR_754,5.943837273068638,8.259872428365192,0
2026-01-13 10:00:00,SENSOR_499,2.6806941766868704,3.856418736714194,1
2026-01-13 11:00:00,SENSOR_352,5.6625497089865,7.76885405095188,0
2026-01-13 12:00:00,SENSOR_880,4.600857682658276,6.500491085509536,0
2026-01-13 13:00:00,SENSOR_980,7.692342863433661,6.461940331923374,0
2026-01-13 14:00:00,SENSOR_902,7.839636096503616,8.873468320899956,0
2026-01-13 15:00:00,SENSOR_558,1.6777780175492218,5.747433944974589,1
2026-01-13 16:00:00,SENSOR_798,4.711334064912293,3.686423282282577,1
2026-01-13 17:00:00,SENSOR_598,8.007122467486692,2.6363180518502847,1
2026-01-13 18:00:00,SENSOR_607,4.515464374683272,4.235944599308984,0
2026-01-13 19:00:00,SENSOR_403,5.542095365285896,5.441035793254329,0
2026-01-13 20:00:00,SENSOR_600,2.847866547559698,11.26692523680852,1
2026-01-13 21:00:00,SENSOR_902,5.823757005239312,6.138202164466158,0
2026-01-13 22:00:00,SENSOR_697,7.134364969001405,8.982756817081253,0
2026-01-13 23:00:00,SENSOR_265,4.390498000938524,5.794544895625904,0
2026-01-14 00:00:00,SENSOR_514,5.432908943453551,7.940077921529547,0
2026-01-14 01:00:00,SENSOR_561,6.015999982009573,0.7025835351630524,1
2026-01-14 02:00:00,SENSOR_213,1.6191034709706245,9.347869843680547,1
2026-01-14 03:00:00,SENSOR_532,3.411099470172169,4.489700930059929,1
2026-01-14 04:00:00,SENSOR_455,2.4899173306644364,6.082182127354987,0
2026-01-14 05:00:00,SENSOR_794,4.6370768464522465,5.855277694248849,0
2026-01-14 06:00:00,SENSOR_306,5.050095045696674,6.967874565838974,0
2026-01-14 07:00:00,SENSOR_867,5.931294742012554,7.618704699631235,0
2026-01-14 08:00:00,SENSOR_334,4.828673121980828,10.391894323271977,0
2026-01-14 09:00:00,SENSOR_541,7.12827806146572,11.395830230502696,1
2026-01-14 10:00:00,SENSOR_454,7.7264521791204,5.037192271256913,1
2026-01-14 11:00:00,SENSOR_614,5.847600101244027,9.746636114513253,0
2026-01-14 12:00:00,SENSOR_307,9.150552506607855,5.934385095569978,1
2026-01-14 13:00:00,SENSOR_808,3.005376670813357,10.958484630963122,1
2026-01-14 14:00:00,SENSOR_952,5.217812676192507,9.263336089370277,0
2026-01-14 15:00:00,SENSOR_224,5.262653647313514,3.0016586762592823,1
2026-01-14 16:00:00,SENSOR_237,4.303437424707704,5.590230005641587,0
2026-01-14 17:00:00,SENSOR_438,4.5177957609133665,8.19682014066828,0
2026-01-14 18:00:00,SENSOR_636,2.7484636567686573,5.659540738500356,0
2026-01-14 19:00:00,SENSOR_167,3.95251281673521,2.198140770557008,1
2026-01-14 20:00:00,SENSOR_672,4.924337492790204,7.2495881170902745,0
2026-01-14 21:00:00,SENSOR_640,5.612966229891993,7.334679863160019,0
2026-01-14 22:00:00,SENSOR_482,4.75861943970222,6.630461102223785,0
2026-01-14 23:00:00,SENSOR_118,5.015826542133323,7.235856178714628,0
2026-01-15 00:00:00,SENSOR_782,5.9709328703092535,11.924327919463426,1
2026-01-15 01:00:00,SENSOR_549,3.499866228903506,3.2175512085624898,1
2026-01-15 02:00:00,SENSOR_173,7.215114947824536,8.804940317946794,0
2026-01-15 03:00:00,SENSOR_672,5.387521832770278,7.297631007052568,0
2026-01-15 04:00:00,SENSOR_764,4.607209776160524,9.952045088068328,0
2026-01-15 05:00:00,SENSOR_375,2.684957735643307,7.7927783279032745,0
2026-01-15 06:00:00,SENSOR_147,5.443102893674911,6.331810896150042,0
2026-01-15 07:00:00,SENSOR_310,4.456582793658549,4.285220175660189,0
2026-01-15 08:00:00,SENSOR_954,4.717699535330104,4.548347636484284,0
2026-01-15 09:00:00,SENSOR_750,3.073666926030472,9.892189281892612,1
2026-01-15 10:00:00,SENSOR_721,3.481653370759032,10.769726315637657,1
2026-01-15 11:00:00,SENSOR_794,4.638538144989598,7.197824155983691,0
2026-01-15 12:00:00,SENSOR_639,7.035943644677061,7.42963524157314,0
2026-01-15 13:00:00,SENSOR_808,7.652129251162996,7.938298862817724,1
2026-01-15 14:00:00,SENSOR_290,7.091373406599185,5.591097059658898,0
2026-01-15 15:00:00,SENSOR_414,1.516808052023231,4.886780550828266,1
2026-01-15 16:00:00,SENSOR_662,1.9732876929154999,8.647679666671284,1
2026-01-15 17:00:00,SENSOR_760,5.0206308287828,6.4569341636060535,0
2026-01-15 18:00:00,SENSOR_879,3.8458353515974517,6.239974118591597,0
2026-01-15 19:00:00,SENSOR_661,6.531107991482149,3.6339681214547985,1
2026-01-15 20:00:00,SENSOR_857,4.462046019765685,6.3410742867865375,0
2026-01-15 21:00:00,SENSOR_212,2.539340166195567,8.981668460345809,0
2026-01-15 22:00:00,SENSOR_269,5.001451316722257,14.0,1
2026-01-15 23:00:00,SENSOR_567,3.6995833451884574,6.604724260019394,0
2026-01-16 00:00:00,SENSOR_777,6.804837561372905,6.313685899519488,0
2026-01-16 01:00:00,SENSOR_113,5.914627669675027,11.356149793921116,1
2026-01-16 02:00:00,SENSOR_814,2.5098132304835175,4.076998150550041,0
2026-01-16 03:00:00,SENSOR_387,2.9113282559221787,4.3518803306441916,0
2026-01-16 04:00:00,SENSOR_288,4.078578485343577,0.8834414212810766,1
2026-01-16 05:00:00,SENSOR_254,5.8764067251436884,8.553988553586958,0
2026-01-16 06:00:00,SENSOR_666,3.873343171164769,1.2494344135592588,1
2026-01-16 07:00:00,SENSOR_793,8.325422061298722,3.847641783490644,1
2026-01-16 08:00:00,SENSOR_821,4.384324762963429,7.04766861840524,0
2026-01-16 09:00:00,SENSOR_987,5.309250788173036,8.070146635848172,0
2026-01-16 10:00:00,SENSOR_570,4.889031694870544,6.400551416808703,0
2026-01-16 11:00:00,SENSOR_174,5.077898162858512,7.428425739479333,0
2026-01-16 12:00:00,SENSOR_376,6.188328265253392,7.99957878585651,0
2026-01-16 13:00:00,SENSOR_744,1.2449365524671243,6.8128038451371795,1
2026-01-16 14:00:00,SENSOR_442,3.72984917204529,6.0497946437020635,0
2026-01-16 15:00:00,SENSOR_524,5.835547629952883,5.5645904551533825,0
2026-01-16 16:00:00,SENSOR_670,1.6671972530767252,9.625589094845738,1
2026-01-16 17:00:00,SENSOR_610,5.749048041759671,8.378548961067711,0
2026-01-16 18:00:00,SENSOR_956,1.8874094211320633,10.322221705640935,1
2026-01-16 19:00:00,SENSOR_281,4.045359970138557,6.521777618768588,0
2026-01-16 20:00:00,SENSOR_557,4.996924810095448,7.516215749480829,0
2026-01-16 21:00:00,SENSOR_950,2.3090953284215052,9.843267960688143,1
2026-01-16 22:00:00,SENSOR_932,9.122517822437175,8.072390232168997,1
2026-01-16 23:00:00,SENSOR_163,3.9994406464599614,11.679902713374977,1
2026-01-17 00:00:00,SENSOR_938,3.1145163902049817,3.536932851220668,1
2026-01-17 01:00:00,SENSOR_359,3.4107964319350383,11.9044577898161,1
2026-01-17 02:00:00,SENSOR_292,5.641348367218467,6.120842616236478,0
2026-01-17 03:00:00,SENSOR_754,5.548716917474063,8.044541192341429,0
2026-01-17 04:00:00,SENSOR_715,8.58100092418972,6.491182581570962,1
2026-01-17 05:00:00,SENSOR_505,1.0637486959908267,8.367075149090422,1
2026-01-17 06:00:00,SENSOR_825,5.4681529744310895,13.463333621568031,1
2026-01-17 07:00:00,SENSOR_853,6.521684188466517,8.1047782233742,0
2026-01-17 08:00:00,SENSOR_820,6.078293408615188,9.582948629632778,0
2026-01-17 09:00:00,SENSOR_192,1.0867714182632473,6.351638337771372,1
2026-01-17 10:00:00,SENSOR_529,4.264264470152308,9.216826455023899,0
2026-01-17 11:00:00,SENSOR_753,7.019556711472669,2.081966826973058,1
2026-01-17 12:00:00,SENSOR_533,1.7587360089406887,10.115499807424253,1
2026-01-17 13:00:00,SENSOR_503,4.919695620841042,9.805916221407612,0
2026-01-17 14:00:00,SENSOR_533,1.436863352774945,2.951847580895956,1
2026-01-17 15:00:00,SENSOR_211,4.56509275738177,3.4523776784814335,1
2026-01-17 16:00:00,SENSOR_474,4.741072473309027,7.170425999671707,0
2026-01-17 17:00:00,SENSOR_158,6.741155900351661,11.635963361621295,1
2026-01-17 18:00:00,SENSOR_142,6.984341515083635,7.523702464524085,0
2026-01-17 19:00:00,SENSOR_306,5.245999664351071,2.9233819279593893,1
2026-01-17 20:00:00,SENSOR_879,3.126829273292091,4.1523891685087015,0
2026-01-17 21:00:00,SENSOR_395,2.2141893976213614,10.004831033226868,1
2026-01-17 22:00:00,SENSOR_217,6.462742775770305,5.829146809522098,0
2026-01-17 23:00:00,SENSOR_631,5.051524935052772,7.252820732650159,0
2026-01-18 00:00:00,SENSOR_321,1.1991716850881209,4.274653915779802,1
2026-01-18 01:00:00,SENSOR_265,5.357320717703629,6.9377471373159745,0
2026-01-18 02:00:00,SENSOR_742,5.591644575156796,9.405140019990778,0
2026-01-18 03:00:00,SENSOR_255,8.682013851573986,11.387628562445308,1
2026-01-18 04:00:00,SENSOR_283,4.63224588108735,13.371815855085735,1
2026-01-18 05:00:00,SENSOR_189,7.524603724157401,8.481426913356126,0
2026-01-18 06:00:00,SENSOR_193,1.8854832235820127,6.292671929589833,1
2026-01-18 07:00:00,SENSOR_112,6.822017378391624,6.005055125553772,0
2026-01-18 08:00:00,SENSOR_933,6.187387584264886,7.501577864594261,0
2026-01-18 09:00:00,SENSOR_904,6.592474845168255,9.295412922251069,0
2026-01-18 10:00:00,SENSOR_841,2.1539543240466856,8.779450394695981,1
2026-01-18 11:00:00,SENSOR_933,6.803538417697647,3.470857827484625,1
2026-01-18 12:00:00,SENSOR_903,3.7190867242417918,12.075136417034575,1
2026-01-18 13:00:00,SENSOR_537,1.2678309333050999,7.075767065073497,1
2026-01-18 14:00:00,SENSOR_637,5.337922844455509,7.311985396911442,0
2026-01-18 15:00:00,SENSOR_686,6.145061593841864,9.398206902470475,0
2026-01-18 16:00:00,SENSOR_975,5.735268733762345,7.844675244161011,0
2026-01-18 17:00:00,SENSOR_910,7.930080387729447,7.024201572153027,0
2026-01-18 18:00:00,SENSOR_249,6.659410676317026,6.7832035629631875,0
2026-01-18 19:00:00,SENSOR_759,9.1521671614974,5.788523380786677,1
2026-01-18 20:00:00,SENSOR_107,3.394237025851805,4.905898155310914,0
2026-01-18 21:00:00,SENSOR_128,4.647237541003299,5.786298289108351,0
2026-01-18 22:00:00,SENSOR_395,3.9766033191915118,7.03765511510517,0
2026-01-18 23:00:00,SENSOR_820,1.7326579742324386,7.250301141432795,1
2026-01-19 00:00:00,SENSOR_739,2.4473267622643764,8.037038537561376,1
2026-01-19 01:00:00,SENSOR_439,4.931730137685583,6.952230866673827,0
2026-01-19 02:00:00,SENSOR_727,5.528313291122827,8.02833303191392,0
2026-01-19 03:00:00,SENSOR_538,8.448879674724326,8.311455229448107,1
2026-01-19 04:00:00,SENSOR_243,4.499266385676826,7.201382359579709,0
2026-01-19 05:00:00,SENSOR_929,4.034823257266484,2.5539395697855807,1
2026-01-19 06:00:00,SENSOR_846,6.309354658541411,11.854680703499875,1
2026-01-19 07:00:00,SENSOR_618,5.107409982231967,7.19807247814421,0
2026-01-19 08:00:00,SENSOR_144,5.889641179159478,7.815941624087282,0
2026-01-19 09:00:00,SENSOR_338,9.164734206686484,11.020852333933165,1
2026-01-19 10:00:00,SENSOR_254,4.262723073193818,5.3435553488447445,0
2026-01-19 11:00:00,SENSOR_280,3.7825200419066114,8.636705226070195,0
2026-01-19 12:00:00,SENSOR_314,7.528847995442895,3.4467000848355203,1
2026-01-19 13:00:00,SENSOR_187,6.499498569682048,11.90017192162616,1
2026-01-19 14:00:00,SENSOR_355,3.1955575803768044,1.3548551313118773,1
2026-01-19 15:00:00,SENSOR_610,6.457702411080092,2.741525624025666,1
2026-01-19 16:00:00,SENSOR_172,6.289100934320157,5.963111340922877,0
2026-01-19 17:00:00,SENSOR_278,4.6971469230575735,6.6149603923448455,0
2026-01-19 18:00:00,SENSOR_311,0.854253918313011,6.771657688323874,1
2026-01-19 19:00:00,SENSOR_904,2.8202876036352036,4.650401015664079,0
2026-01-19 20:00:00,SENSOR_333,5.398161032288953,4.073131781287342,0
2026-01-19 21:00:00,SENSOR_564,1.1348619628398737,4.89717108332329,1
2026-01-19 22:00:00,SENSOR_850,5.447604452345246,7.309128943834249,0
2026-01-19 23:00:00,SENSOR_322,6.665328349458983,5.386576841210499,0
2026-01-20 00:00:00,SENSOR_730,5.221240372181905,7.52095703709306,0
2026-01-20 01:00:00,SENSOR_924,4.380440112384694,5.156944741688769,0
2026-01-20 02:00:00,SENSOR_363,4.220233790102399,6.521681044617379,0
2026-01-20 03:00:00,SENSOR_306,4.258613419285572,6.085176039906372,0
2026-01-20 04:00:00,SENSOR_706,4.1224508721981294,7.151345663672098,0
2026-01-20 05:00:00,SENSOR_984,2.6846233504460804,3.3193156482876325,1
2026-01-20 06:00:00,SENSOR_833,8.104649311514228,10.563974962213624,1
2026-01-20 07:00:00,SENSOR_465,3.316848614238475,4.02932779213819,0
2026-01-20 08:00:00,SENSOR_375,9.37901029085165,6.991505222583167,1
2026-01-20 09:00:00,SENSOR_479,5.676511327772893,6.6283433213330865,0
2026-01-20 10:00:00,SENSOR_842,6.575163390712161,7.318326731071108,0
2026-01-20 11:00:00,SENSOR_408,0.8929679727306539,9.383053700147046,1
2026-01-20 12:00:00,SENSOR_730,5.687972948519206,6.208402414163462,0
2026-01-20 13:00:00,SENSOR_367,5.9855967495974225,1.499464706669275,1
2026-01-20 14:00:00,SENSOR_884,5.522176214542669,7.990507458847909,0
2026-01-20 15:00:00,SENSOR_163,3.9704684103761716,0.36712050424049997,1
2026-01-20 16:00:00,SENSOR_909,3.6395789105009513,5.119975733604714,0
2026-01-20 17:00:00,SENSOR_449,1.521782738053092,10.422425355203417,1
2026-01-20 18:00:00,SENSOR_593,4.6160305335523635,11.190664193917655,0
2026-01-20 19:00:00,SENSOR_622,3.179055083182157,2.5952336957256485,1
2026-01-20 20:00:00,SENSOR_197,5.152202047318144,6.879793925180848,0
2026-01-20 21:00:00,SENSOR_170,4.8969545762602396,3.4482063358772255,0
2026-01-20 22:00:00,SENSOR_463,6.676162790864525,1.9362601585717711,1
2026-01-20 23:00:00,SENSOR_669,2.177118879838353,7.851186516381464,0
2026-01-21 00:00:00,SENSOR_901,6.392135416698556,3.9189756682889905,1
2026-01-21 01:00:00,SENSOR_862,7.577876715850694,10.448657302702602,1
2026-01-21 02:00:00,SENSOR_375,3.3536215341118276,7.057275239879576,0
2026-01-21 03:00:00,SENSOR_149,9.223920856170803,9.029672232803772,1
2026-01-21 04:00:00,SENSOR_457,3.858837327910978,10.653752137492907,0
2026-01-21 05:00:00,SENSOR_827,1.8211073562171776,11.019714989951463,1
2026-01-21 06:00:00,SENSOR_663,4.743691880832099,7.332751082131002,0
2026-01-21 07:00:00,SENSOR_882,3.6370189663401398,4.439372555617029,0
2026-01-21 08:00:00,SENSOR_584,1.1397269135979655,10.544578552737892,1
2026-01-21 09:00:00,SENSOR_183,0.715980522702427,8.672789521968712,1
2026-01-21 10:00:00,SENSOR_998,4.8478120241864575,9.669563531031306,0
2026-01-21 11:00:00,SENSOR_904,2.9371563985854015,10.021010166453635,1
2026-01-21 12:00:00,SENSOR_737,4.724235966053081,8.370138825495191,0
2026-01-21 13:00:00,SENSOR_907,6.262888710041902,8.390527471225386,0
2026-01-21 14:00:00,SENSOR_683,3.1716642780139264,5.4374243428606945,0
2026-01-21 15:00:00,SENSOR_395,4.096937237316398,5.263503208829918,0
2026-01-21 16:00:00,SENSOR_335,2.7415786627447942,4.5049435695918065,0
2026-01-21 17:00:00,SENSOR_155,4.641373539281465,7.383365356432581,0
2026-01-21 18:00:00,SENSOR_459,1.9454128296923037,11.831557380950962,1
2026-01-21 19:00:00,SENSOR_209,7.580725960448424,2.0101089767461464,1
2026-01-21 20:00:00,SENSOR_291,1.3171503156359712,6.2515499355574855,1
2026-01-21 21:00:00,SENSOR_192,2.254655945077858,7.42279250333967,0
2026-01-21 22:00:00,SENSOR_961,5.740810075194874,6.650816622422668,0
2026-01-21 23:00:00,SENSOR_667,2.4379810639154207,10.90916310740887,1
2026-01-22 00:00:00,SENSOR_159,2.32384374100966,9.785167268319695,1
2026-01-22 01:00:00,SENSOR_749,4.7211477729476545,8.318531957220081,0
2026-01-22 02:00:00,SENSOR_138,1.2574086144415846,4.613557089505174,1
2026-01-22 03:00:00,SENSOR_639,1.19369244278745,6.228605599068098,1
2026-01-22 04:00:00,SENSOR_148,1.8133822021852133,4.010784893775586,1
2026-01-22 05:00:00,SENSOR_519,5.184683698278427,2.6115345224436606,1
2026-01-22 06:00:00,SENSOR_736,6.238347868685356,3.9096665005257814,1
2026-01-22 07:00:00,SENSOR_112,4.482708050716282,4.571675833034483,0
2026-01-22 08:00:00,SENSOR_135,9.318910022635812,5.746626832560643,1
2026-01-22 09:00:00,SENSOR_200,8.743436920262907,7.430055546903558,1
2026-01-22 10:00:00,SENSOR_893,3.8393482915619344,5.929419119806408,0
2026-01-22 11:00:00,SENSOR_185,4.98906985478599,7.102015901210409,0
2026-01-22 12:00:00,SENSOR_615,4.52896347779833,6.193106155980283,0
2026-01-22 13:00:00,SENSOR_322,8.45951044615498,4.747277623169181,1
2026-01-22 14:00:00,SENSOR_437,5.579196780703697,13.893538248767523,1
2026-01-22 15:00:00,SENSOR_265,6.157374348926169,7.531272043779895,0
2026-01-22 16:00:00,SENSOR_482,7.595984164869318,8.594582504859188,0
2026-01-22 17:00:00,SENSOR_955,6.681900789833078,6.354125373911827,0
2026-01-22 18:00:00,SENSOR_994,1.8838450284339747,11.624272531481319,1
2026-01-22 19:00:00,SENSOR_475,7.997151253832859,10.088695434687715,1
2026-01-22 20:00:00,SENSOR_570,1.2482226534763494,8.020276177969258,1
2026-01-22 21:00:00,SENSOR_889,5.405459899673824,10.828003365876691,0
2026-01-22 22:00:00,SENSOR_741,4.432382730546822,9.601991104521561,0
2026-01-22 23:00:00,SENSOR_130,4.255356752973395,8.485176366585545,0
2026-01-23 00:00:00,SENSOR_474,5.0156179271360815,6.847467059284931,0
2026-01-23 01:00:00,SENSOR_110,1.2239333898789375,6.244149539835182,1
2026-01-23 02:00:00,SENSOR_401,2.787720361642107,10.953827313298614,1
2026-01-23 03:00:00,SENSOR_195,0.17726501034832756,1.7917721120183745,1
2026-01-23 04:00:00,SENSOR_289,3.664983717722408,0.7948480821056615,1
2026-01-23 05:00:00,SENSOR_552,3.9726057768971685,9.830210041221513,0
2026-01-23 06:00:00,SENSOR_291,1.554264873634843,9.327228639937367,1
2026-01-23 07:00:00,SENSOR_585,8.096951184797746,11.146864582738196,1
2026-01-23 08:00:00,SENSOR_365,6.406548793340782,11.680039782246626,1
2026-01-23 09:00:00,SENSOR_523,5.125107261956442,6.685784303546676,0
2026-01-23 10:00:00,SENSOR_227,5.978111590964858,9.91887639480661,0
2026-01-23 11:00:00,SENSOR_337,4.46382941245451,7.237745197350964,0
2026-01-23 12:00:00,SENSOR_454,4.068630549441591,1.8417399615184515,1
2026-01-23 13:00:00,SENSOR_211,6.6434450740484206,8.810144471878127,1
2026-01-23 14:00:00,SENSOR_927,4.430127308215505,7.23995170115525,0
2026-01-23 15:00:00,SENSOR_545,4.759890492605848,11.292464561854096,1
2026-01-23 16:00:00,SENSOR_442,8.107741097328361,6.708457660341777,1
2026-01-23 17:00:00,SENSOR_244,2.7230147432235547,6.742042866473185,0
2026-01-23 18:00:00,SENSOR_164,4.374665591390702,5.552895739447858,0
2026-01-23 19:00:00,SENSOR_346,2.279727275188584,6.392131665389639,1
2026-01-23 20:00:00,SENSOR_834,7.490402929964301,8.280195844611999,0
2026-01-23 21:00:00,SENSOR_589,2.0369983810101067,3.0625448310270134,1
2026-01-23 22:00:00,SENSOR_924,6.873990288179442,5.6684932984273155,0
2026-01-23 23:00:00,SENSOR_538,2.2076146818548428,4.726038413778934,1
2026-01-24 00:00:00,SENSOR_205,5.467602342090644,3.335689424860714,0
2026-01-24 01:00:00,SENSOR_280,7.7019358393586215,5.882791211103733,0
2026-01-24 02:00:00,SENSOR_283,5.071786387740356,12.003989868596573,1
2026-01-24 03:00:00,SENSOR_325,5.6847712549723735,10.004745771661003,0
2026-01-24 04:00:00,SENSOR_876,4.28261524118024,6.44004522009431,0
2026-01-24 05:00:00,SENSOR_889,5.098524118027761,7.64624482584999,0
2026-01-24 06:00:00,SENSOR_188,6.591028887819518,2.8840141960050083,1
2026-01-24 07:00:00,SENSOR_787,7.237809072856019,4.815941975468429,1
2026-01-24 08:00:00,SENSOR_629,2.9205882530575513,10.679295106164544,1
2026-01-24 09:00:00,SENSOR_470,4.5343818193127925,7.872206050471263,0
2026-01-24 10:00:00,SENSOR_498,5.40374645073154,6.806749952233766,0
2026-01-24 11:00:00,SENSOR_205,4.672773163769663,6.94836102829076,0
2026-01-24 12:00:00,SENSOR_370,5.553717341860058,5.084019824659507,0
2026-01-24 13:00:00,SENSOR_930,1.9643426788171114,8.247510035765224,0
2026-01-24 14:00:00,SENSOR_602,2.7847093683063155,3.4752375096905785,0
2026-01-24 15:00:00,SENSOR_778,6.554110997582656,8.591497776806232,0
2026-01-24 16:00:00,SENSOR_624,3.0122272943964568,4.737423452485619,1
2026-01-24 17:00:00,SENSOR_948,3.7196939742960833,8.30860257730053,0
2026-01-24 18:00:00,SENSOR_131,2.8265516435567006,5.515392216224466,0
2026-01-24 19:00:00,SENSOR_492,6.639179585410538,11.243561917509464,1
2026-01-24 20:00:00,SENSOR_139,4.782939889392994,4.740699927646187,0
2026-01-24 21:00:00,SENSOR_759,7.114087117977784,4.588001718749791,1
2026-01-24 22:00:00,SENSOR_317,5.217020523888271,11.676743641535765,1
2026-01-24 23:00:00,SENSOR_830,9.182270910649958,11.200120760069538,1
2026-01-25 00:00:00,SENSOR_181,5.959927580303206,7.756121916593716,0
2026-01-25 01:00:00,SENSOR_944,2.501874815328807,3.150403276355768,1
2026-01-25 02:00:00,SENSOR_819,3.30547049596789,5.5474024772512065,0
2026-01-25 03:00:00,SENSOR_300,3.7609800838920497,6.7265133753818604,0
2026-01-25 04:00:00,SENSOR_546,5.494970374336275,10.423763746414606,0
2026-01-25 05:00:00,SENSOR_943,1.6000635853726846,11.391784052923997,1
2026-01-25 06:00:00,SENSOR_527,2.816675025455337,5.249174766303884,0
2026-01-25 07:00:00,SENSOR_137,3.0911818393823447,6.863220840506858,0
2026-01-25 08:00:00,SENSOR_310,7.980438402262057,6.939526866918773,1
2026-01-25 09:00:00,SENSOR_543,6.412261814652766,9.264080189722247,0
2026-01-25 10:00:00,SENSOR_426,4.216253736683507,5.966314882957878,0
2026-01-25 11:00:00,SENSOR_860,3.7239260342014324,6.719512914239951,0
2026-01-25 12:00:00,SENSOR_326,4.457844315985884,7.625895273509013,0
2026-01-25 13:00:00,SENSOR_147,4.8057614676979075,6.286527069991065,0
2026-01-25 14:00:00,SENSOR_117,4.776428512965819,6.479796208679494,0
2026-01-25 15:00:00,SENSOR_538,8.087860192543356,7.1105656948326565,1
2026-01-25 16:00:00,SENSOR_906,5.4201038582067245,7.853481703260064,0
2026-01-25 17:00:00,SENSOR_807,6.941358287796174,9.405780663710905,0
2026-01-25 18:00:00,SENSOR_286,3.481205342254187,0.6955472197028689,1
2026-01-25 19:00:00,SENSOR_444,2.5467983183194494,5.2739380094323955,0
2026-01-25 20:00:00,SENSOR_323,4.398299760349299,11.205656428166282,1
2026-01-25 21:00:00,SENSOR_929,4.86575800202007,6.669909263746875,0
2026-01-25 22:00:00,SENSOR_587,5.629433579556419,7.67971628272056,0
2026-01-25 23:00:00,SENSOR_976,5.871060881356796,8.051508512750113,0
2026-01-26 00:00:00,SENSOR_948,5.224651407152558,8.168992445761715,0
2026-01-26 01:00:00,SENSOR_328,4.447845771581732,8.867873082960866,0
2026-01-26 02:00:00,SENSOR_489,4.451242171844132,7.481967371314867,0
2026-01-26 03:00:00,SENSOR_688,4.375822171614941,7.229946152528656,0
2026-01-26 04:00:00,SENSOR_287,5.269318934822589,7.260923633233425,0
2026-01-26 05:00:00,SENSOR_957,2.6002128498608625,6.639111855752885,0
2026-01-26 06:00:00,SENSOR_369,6.431672830592027,8.499695315058666,0
2026-01-26 07:00:00,SENSOR_706,5.732145046584155,5.3765221423142435,0
2026-01-26 08:00:00,SENSOR_409,4.6435792806150875,9.593809616378822,0
2026-01-26 09:00:00,SENSOR_231,1.863844066028296,6.265336421380749,1
2026-01-26 10:00:00,SENSOR_650,5.301061956777703,7.319689593335378,0
2026-01-26 11:00:00,SENSOR_171,3.251734319092812,3.8579099840956896,1
2026-01-26 12:00:00,SENSOR_892,2.756336280596701,7.357086550283365,1
2026-01-26 13:00:00,SENSOR_944,4.26963719468386,7.000738798505582,0
2026-01-26 14:00:00,SENSOR_771,2.4715379466369147,11.371905262657314,1
2026-01-26 15:00:00,SENSOR_286,2.206602997710389,1.402239112329975,1
2026-01-26 16:00:00,SENSOR_585,5.106692159541707,7.018451577888582,0
2026-01-26 17:00:00,SENSOR_290,4.456644788220933,6.006461935863309,0
2026-01-26 18:00:00,SENSOR_521,1.8121213301297838,6.0142603558162095,1
2026-01-26 19:00:00,SENSOR_219,4.459829097742433,2.524431014372782,1
2026-01-26 20:00:00,SENSOR_319,3.9185971693749924,7.227345995643532,0
2026-01-26 21:00:00,SENSOR_152,5.92549752989978,7.750629943239609,0
2026-01-26 22:00:00,SENSOR_833,2.901263083790905,5.7831362079349775,0
2026-01-26 23:00:00,SENSOR_550,8.145429166585764,7.682742008338957,0
2026-01-27 00:00:00,SENSOR_511,5.493126819448299,9.600002840176307,1
2026-01-27 01:00:00,SENSOR_742,4.369539628639426,5.164942071415276,0
2026-01-27 02:00:00,SENSOR_336,6.557980838816505,11.165552991101947,0
2026-01-27 03:00:00,SENSOR_857,1.4647645465131687,6.147055481008753,1
2026-01-27 04:00:00,SENSOR_837,4.980544521402618,7.189511170402353,0
2026-01-27 05:00:00,SENSOR_819,3.614643852760598,7.4361365447296315,0
2026-01-27 06:00:00,SENSOR_505,4.9732253252214225,2.6452196934457177,1
2026-01-27 07:00:00,SENSOR_707,3.1304335998412114,12.569411133224033,1
2026-01-27 08:00:00,SENSOR_521,2.635200129520465,3.075533235230621,0
2026-01-27 09:00:00,SENSOR_811,6.37023327410351,4.962263980053062,0
2026-01-27 10:00:00,SENSOR_346,4.707648913855711,6.000873626716914,0
2026-01-27 11:00:00,SENSOR_171,5.005873569858555,9.773824281359651,0
2026-01-27 12:00:00,SENSOR_929,2.6800325382628825,8.86422886216092,0
2026-01-27 13:00:00,SENSOR_284,5.8713939198824106,8.772259800658059,0
2026-01-27 14:00:00,SENSOR_105,5.446810792326795,6.10763780575414,0
2026-01-27 15:00:00,SENSOR_305,6.75682170746009,6.428230779079237,0
2026-01-27 16:00:00,SENSOR_643,5.798167719013694,8.401949500967778,0
2026-01-27 17:00:00,SENSOR_710,5.1166189087312475,4.659569718966027,0
2026-01-27 18:00:00,SENSOR_486,4.020719387667285,7.122991425359986,0
2026-01-27 19:00:00,SENSOR_867,3.5013517980713162,5.343730949835629,0
2026-01-27 20:00:00,SENSOR_798,5.612969887008468,7.836126728305308,0
2026-01-27 21:00:00,SENSOR_175,5.077029574348537,1.669927039168073,1
2026-01-27 22:00:00,SENSOR_276,6.584902332179439,9.426632058165039,0
2026-01-27 23:00:00,SENSOR_926,6.645687087237743,3.7406204937799763,1
2026-01-28 00:00:00,SENSOR_898,6.536421608097241,3.5012772835227244,1
2026-01-28 01:00:00,SENSOR_448,4.229059008210519,4.071372261611644,0
2026-01-28 02:00:00,SENSOR_354,5.672927014799679,7.745286471458892,0
2026-01-28 03:00:00,SENSOR_936,3.4752454383689297,9.522450316286864,0
2026-01-28 04:00:00,SENSOR_801,4.242920589746359,10.211276927704649,0
2026-01-28 05:00:00,SENSOR_407,2.889627615144135,11.029841693909276,1
2026-01-28 06:00:00,SENSOR_444,7.383591495793956,9.498591197043952,0
2026-01-28 07:00:00,SENSOR_226,5.6567569119610255,7.09279244362231,0
2026-01-28 08:00:00,SENSOR_386,3.5051650056789634,6.399747561861253,0
2026-01-28 09:00:00,SENSOR_865,4.336887537097727,9.293053725286555,0
2026-01-28 10:00:00,SENSOR_824,1.881620396430665,8.817546931692153,1
2026-01-28 11:00:00,SENSOR_861,2.647989629324115,8.705201889627741,0
2026-01-28 12:00:00,SENSOR_695,3.980642028325774,6.420025730262943,0
2026-01-28 13:00:00,SENSOR_586,0.04232719901290572,6.295435546480492,1
2026-01-28 14:00:00,SENSOR_482,7.224046016972373,5.063692240299038,1
2026-01-28 15:00:00,SENSOR_505,3.92581838774104,7.3704676542335585,0
2026-01-28 16:00:00,SENSOR_487,5.2035119736471644,6.875606233139122,0
2026-01-28 17:00:00,SENSOR_624,5.328871519677633,6.374631189064605,0
2026-01-28 18:00:00,SENSOR_656,6.228107349115014,9.95337979330656,0
2026-01-28 19:00:00,SENSOR_738,5.502995529653686,6.603439414351535,0
2026-01-28 20:00:00,SENSOR_725,5.417872909122348,7.727842435093748,0
2026-01-28 21:00:00,SENSOR_375,5.177335615664459,5.1643804243529585,0
2026-01-28 22:00:00,SENSOR_599,4.678246752911751,8.371941240692598,0
2026-01-28 23:00:00,SENSOR_816,7.913854109450903,3.2069590246048563,1
2026-01-29 00:00:00,SENSOR_436,4.876605413693922,6.407982693538318,0
2026-01-29 01:00:00,SENSOR_580,6.415076143315147,4.942972888910765,0
2026-01-29 02:00:00,SENSOR_996,6.088872900470745,5.592922123109899,0
2026-01-29 03:00:00,SENSOR_372,3.0678564994239217,12.541263814074101,1
2026-01-29 04:00:00,SENSOR_157,4.505283614652063,6.358240124792966,0
2026-01-29 05:00:00,SENSOR_427,3.8551886586201736,9.214904305033173,0
2026-01-29 06:00:00,SENSOR_830,6.733748113188817,12.084199474720862,1
2026-01-29 07:00:00,SENSOR_208,3.907874456804173,2.618352974698189,1
2026-01-29 08:00:00,SENSOR_378,1.7834951802390073,10.126799565463289,1
2026-01-29 09:00:00,SENSOR_785,6.564791035142553,7.486918141332915,0
2026-01-29 10:00:00,SENSOR_427,3.8371304552924097,5.605774137200509,0
2026-01-29 11:00:00,SENSOR_875,6.674326106981006,3.9067929620622324,1
2026-01-29 12:00:00,SENSOR_414,7.909463104420407,11.449770965593379,1
2026-01-29 13:00:00,SENSOR_573,6.187839028089045,3.95366731296226,0
2026-01-29 14:00:00,SENSOR_210,7.139264050139299,5.271455594811359,0
2026-01-29 15:00:00,SENSOR_798,3.9266420923072816,7.744121391308239,0
2026-01-29 16:00:00,SENSOR_880,2.103338421248149,4.288856262961522,1
2026-01-29 17:00:00,SENSOR_328,5.288352042323084,6.385026393603991,0
2026-01-29 18:00:00,SENSOR_596,6.568328186363081,10.190740007343004,0
2026-01-29 19:00:00,SENSOR_255,2.159912035383702,6.164939608376802,0
2026-01-29 20:00:00,SENSOR_572,3.7553808924515604,10.052022206504807,0
2026-01-29 21:00:00,SENSOR_800,5.676204056448163,8.437965002862416,0
2026-01-29 22:00:00,SENSOR_371,4.132338510984986,7.146772608747422,0
2026-01-29 23:00:00,SENSOR_986,6.937197253181957,7.925382912976273,1
2026-01-30 00:00:00,SENSOR_101,6.1927366108736335,7.349257804501198,0
2026-01-30 01:00:00,SENSOR_857,7.192493949307048,10.455317916011515,0
2026-01-30 02:00:00,SENSOR_821,5.581678021168099,6.878553364451566,0
2026-01-30 03:00:00,SENSOR_610,3.4676190837264667,7.201013293227585,0
2026-01-30 04:00:00,SENSOR_385,6.712731636386091,5.57377103755933,0
2026-01-30 05:00:00,SENSOR_970,4.69721731809167,7.302278962548136,0
2026-01-30 06:00:00,SENSOR_112,3.7254511887216997,8.332794115226328,0
2026-01-30 07:00:00,SENSOR_707,4.4616867316576085,7.370863009723958,0
2026-01-30 08:00:00,SENSOR_597,5.069593233750745,7.873310670408717,0
2026-01-30 09:00:00,SENSOR_832,8.436569947762752,10.699524069252151,1
2026-01-30 10:00:00,SENSOR_337,2.717452987379621,4.015669352691265,0
2026-01-30 11:00:00,SENSOR_193,5.83819966473003,12.209320715428415,1
2026-01-30 12:00:00,SENSOR_437,4.250228448081294,6.370358506936605,0
2026-01-30 13:00:00,SENSOR_880,3.2176898480165015,4.005990557032032,1
2026-01-30 14:00:00,SENSOR_270,7.603889950047218,11.79289921173433,1
2026-01-30 15:00:00,SENSOR_705,7.043771749407217,7.9021652354056435,0
2026-01-30 16:00:00,SENSOR_760,5.68215355498253,4.729381025408999,0
2026-01-30 17:00:00,SENSOR_723,3.5979215608117903,8.55529007749455,0
2026-01-30 18:00:00,SENSOR_666,5.631580353614595,6.847715342388637,0
2026-01-30 19:00:00,SENSOR_948,9.499348930301075,7.189846360357501,1
2026-01-30 20:00:00,SENSOR_566,8.381653990367862,8.694094112345683,1
2026-01-30 21:00:00,SENSOR_727,3.334755871915665,1.4958196899375205,1
2026-01-30 22:00:00,SENSOR_242,5.681250231818666,7.314220578146935,0
2026-01-30 23:00:00,SENSOR_300,4.9320620713687156,11.397286756091255,1
2026-01-31 00:00:00,SENSOR_279,7.402680709187813,11.294080232885527,1
2026-01-31 01:00:00,SENSOR_813,5.567230510630189,7.975158533679906,0
2026-01-31 02:00:00,SENSOR_463,4.306514425111757,6.8927588499387324,0
2026-01-31 03:00:00,SENSOR_578,7.249733624834475,9.229975946433026,1
2026-01-31 04:00:00,SENSOR_664,4.279410703062848,4.268970390991846,0
2026-01-31 05:00:00,SENSOR_570,8.083039510285193,8.456596804278117,1
2026-01-31 06:00:00,SENSOR_483,4.580878314483058,7.539441679489589,0
2026-01-31 07:00:00,SENSOR_791,8.930126846441706,7.362043182628955,1
2026-01-31 08:00:00,SENSOR_516,4.481893775546892,4.956563715699548,0
2026-01-31 09:00:00,SENSOR_924,4.0220489318894534,6.0851278571363165,0
2026-01-31 10:00:00,SENSOR_407,5.225229730003399,8.873736004513438,0
2026-01-31 11:00:00,SENSOR_748,1.7018694549003934,3.0219901585173754,1
2026-01-31 12:00:00,SENSOR_793,1.587843980737752,6.192005264684738,1
2026-01-31 13:00:00,SENSOR_466,2.9227290084891058,8.916974911991648,0
2026-01-31 14:00:00,SENSOR_100,6.463298223910109,9.292245809838784,0
2026-01-31 15:00:00,SENSOR_143,7.965860353043709,3.4654052480822863,1
2026-01-31 16:00:00,SENSOR_838,2.868640970998593,7.562167741356289,0
2026-01-31 17:00:00,SENSOR_942,6.92886465562691,12.820162502520049,1
2026-01-31 18:00:00,SENSOR_197,4.34641677267411,10.267082304731781,0
2026-01-31 19:00:00,SENSOR_819,3.8548591196181157,8.985453425688197,0
2026-01-31 20:00:00,SENSOR_364,5.998643576982943,4.69500312188722,0
2026-01-31 21:00:00,SENSOR_899,4.3958075733887085,4.817222883460783,0
2026-01-31 22:00:00,SENSOR_882,4.962935197989554,2.0603869012461873,1
2026-01-31 23:00:00,SENSOR_239,7.562010530342198,7.717460829041748,0
2026-02-01 00:00:00,SENSOR_580,4.1718047732684695,8.161017688737108,0
2026-02-01 01:00:00,SENSOR_336,1.344360292680149,8.699121506651116,1
2026-02-01 02:00:00,SENSOR_171,7.050061526240496,7.867273699734948,0
2026-02-01 03:00:00,SENSOR_766,4.053284347402167,9.609774600940407,0
2026-02-01 04:00:00,SENSOR_289,5.706691958500553,2.2202420989269167,1
2026-02-01 05:00:00,SENSOR_367,6.387000150859418,9.496045605840877,1
2026-02-01 06:00:00,SENSOR_420,4.2025230035183405,6.779888827878251,0
2026-02-01 07:00:00,SENSOR_206,6.016452862615447,13.022177290535765,1
2026-02-01 08:00:00,SENSOR_331,8.854488760546209,8.711275833276739,1
2026-02-01 09:00:00,SENSOR_141,6.4951309142757445,11.179801387152159,0
2026-02-01 10:00:00,SENSOR_801,5.871229508633454,7.423348440981406,0
2026-02-01 11:00:00,SENSOR_982,6.042402656384881,2.3957777973543246,1
2026-02-01 12:00:00,SENSOR_238,8.037087825595385,6.5427952987272375,1
2026-02-01 13:00:00,SENSOR_714,2.8195527154340154,7.98020985474553,0
2026-02-01 14:00:00,SENSOR_782,8.056128469499637,10.505051739502994,1
2026-02-01 15:00:00,SENSOR_962,2.1992220542264365,6.8393386259790745,1
2026-02-01 16:00:00,SENSOR_372,4.3450063590354215,7.586144937860957,0
2026-02-01 17:00:00,SENSOR_580,5.993003291769846,5.882979068692486,0
2026-02-01 18:00:00,SENSOR_515,6.20909374786872,8.481162844306045,0
2026-02-01 19:00:00,SENSOR_605,1.5987908476523476,7.779511350061583,1
2026-02-01 20:00:00,SENSOR_832,5.420480046728552,7.866049378881248,0
2026-02-01 21:00:00,SENSOR_824,3.4081453853792305,9.946905872573595,0
2026-02-01 22:00:00,SENSOR_952,4.374235028296111,2.1179135299418377,1
2026-02-01 23:00:00,SENSOR_523,0.28063528757341527,7.311460762476654,1
2026-02-02 00:00:00,SENSOR_506,3.979628273885277,8.941717049881648,0
2026-02-02 01:00:00,SENSOR_667,2.2190828739338544,10.795284056781332,1
2026-02-02 02:00:00,SENSOR_489,4.6361271092529694,7.634330021748173,0
2026-02-02 03:00:00,SENSOR_441,6.603051983524989,3.09330264054128,1
2026-02-02 04:00:00,SENSOR_713,5.397324330232523,6.6781216675947315,0
2026-02-02 05:00:00,SENSOR_592,7.061813974617689,6.909850902806109,0
2026-02-02 06:00:00,SENSOR_291,5.279913812205555,1.688505649918425,1
2026-02-02 07:00:00,SENSOR_598,4.458596916349404,7.789750049141428,0
2026-02-02 08:00:00,SENSOR_921,4.845208886398128,6.293234650322929,0
2026-02-02 09:00:00,SENSOR_811,2.1564021997926544,9.415423133284895,1
2026-02-02 10:00:00,SENSOR_332,4.687306333427049,11.45851595713215,1
2026-02-02 11:00:00,SENSOR_326,6.541972618048454,3.787790011652738,1
2026-02-02 12:00:00,SENSOR_470,7.411056818671723,7.265185517985857,1
2026-02-02 13:00:00,SENSOR_238,6.863231666666825,5.008105496722639,0
2026-02-02 14:00:00,SENSOR_955,4.18829512234895,8.103953333623634,0
2026-02-02 15:00:00,SENSOR_916,4.130909667427786,5.90668953574153,0
2026-02-02 16:00:00,SENSOR_248,4.699980191085535,6.5396146906379675,0
2026-02-02 17:00:00,SENSOR_214,8.36807055313881,3.7587806812733087,1
2026-02-02 18:00:00,SENSOR_549,3.1176241845565693,4.443174536540238,0
2026-02-02 19:00:00,SENSOR_162,3.1747144122880218,5.136651938768308,0
2026-02-02 20:00:00,SENSOR_203,7.268011226406013,8.775979658936325,0
2026-02-02 21:00:00,SENSOR_950,0.6516436554466787,6.7606494321666695,1
2026-02-02 22:00:00,SENSOR_970,5.589893125126659,8.252600031447297,0
2026-02-02 23:00:00,SENSOR_767,4.457451271463959,3.2272000694099123,0
2026-02-03 00:00:00,SENSOR_372,1.5037711296160639,5.601473858076167,0
2026-02-03 01:00:00,SENSOR_105,4.214857287705064,4.424623213136046,1
2026-02-03 02:00:00,SENSOR_246,4.783083821807958,6.909647057737879,0
2026-02-03 03:00:00,SENSOR_283,8.091059595655587,9.38947884285595,1
2026-02-03 04:00:00,SENSOR_127,4.326273599518988,1.9560773014955395,1
2026-02-03 05:00:00,SENSOR_649,7.158539754218567,8.468006382816922,0
2026-02-03 06:00:00,SENSOR_218,8.419326638862723,9.705085357108429,1
2026-02-03 07:00:00,SENSOR_392,9.596969271409737,7.994964143332751,1
2026-02-03 08:00:00,SENSOR_470,8.492418194771608,6.417598776568856,1
2026-02-03 09:00:00,SENSOR_343,4.220953789473033,5.387399897953583,0
2026-02-03 10:00:00,SENSOR_679,3.8478155248599544,10.776828319591901,0
2026-02-03 11:00:00,SENSOR_825,4.21999862000326,10.94231096998648,1
2026-02-03 12:00:00,SENSOR_317,3.569081042658449,9.07926868539175,0
2026-02-03 13:00:00,SENSOR_276,5.5363873370889225,2.754155097035425,1
2026-02-03 14:00:00,SENSOR_398,1.733362076156772,1.1571123131240664,1
2026-02-03 15:00:00,SENSOR_775,6.865770639026514,12.701466014076598,1
2026-02-03 16:00:00,SENSOR_157,5.422329642914054,9.02312455172144,0
2026-02-03 17:00:00,SENSOR_368,4.723151075590707,6.745692417365491,0
2026-02-03 18:00:00,SENSOR_407,1.7005961473166284,1.070608672159635,1
2026-02-03 19:00:00,SENSOR_669,5.816884943220279,2.686415734322696,1
2026-02-03 20:00:00,SENSOR_387,4.572324570744512,7.556918619668302,0
2026-02-03 21:00:00,SENSOR_204,10.0,8.877981858681242,1
2026-02-03 22:00:00,SENSOR_327,8.271599589886623,9.508356482679947,1
2026-02-03 23:00:00,SENSOR_346,6.533483233590159,5.473382196045032,0
2026-02-04 00:00:00,SENSOR_799,3.6042177298491938,10.003378907328734,0
2026-02-04 01:00:00,SENSOR_593,5.744257869580433,5.487554307342069,0
2026-02-04 02:00:00,SENSOR_182,4.668897134147886,6.8412185578865925,0
2026-02-04 03:00:00,SENSOR_285,3.491206150437103,8.241892021532191,0
2026-02-04 04:00:00,SENSOR_351,6.053487357200412,12.063814661724562,1
2026-02-04 05:00:00,SENSOR_454,5.182295728747119,7.508540114940648,0
2026-02-04 06:00:00,SENSOR_849,4.269249004001136,6.502640385423472,0
2026-02-04 07:00:00,SENSOR_971,5.9087393353571125,5.636112814981609,0
2026-02-04 08:00:00,SENSOR_795,3.1757543627192013,4.33527446075459,0
2026-02-04 09:00:00,SENSOR_895,0.0,5.275660495778887,1
2026-02-04 10:00:00,SENSOR_996,6.321685715577853,7.480720829392605,0
2026-02-04 11:00:00,SENSOR_309,6.669748125802901,6.915713336292379,0
2026-02-04 12:00:00,SENSOR_915,5.526350325253945,2.2189021930373296,1
2026-02-04 13:00:00,SENSOR_907,3.9004637505893003,9.287431974182065,0
2026-02-04 14:00:00,SENSOR_708,6.151236657549166,7.215887166486621,0
2026-02-04 15:00:00,SENSOR_546,3.1783188087492857,5.471452316451881,0
2026-02-04 16:00:00,SENSOR_559,4.3610458128159975,6.765441064735317,0
2026-02-04 17:00:00,SENSOR_571,4.556670704960494,5.613386894638645,0
2026-02-04 18:00:00,SENSOR_819,5.715267090557056,4.173932963335034,0
2026-02-04 19:00:00,SENSOR_469,3.3831706752143726,4.4422106410957625,0
2026-02-04 20:00:00,SENSOR_591,8.368086398186419,11.818465152149644,1
2026-02-04 21:00:00,SENSOR_236,4.512294386902126,9.730006167521205,0
2026-02-04 22:00:00,SENSOR_466,6.534148038372375,4.4605195401162065,0
2026-02-04 23:00:00,SENSOR_283,4.9631693904639,10.472239431853836,1
2026-02-05 00:00:00,SENSOR_687,4.172477415931458,6.307898869072088,0
2026-02-05 01:00:00,SENSOR_386,1.744995731756204,8.47769834646514,1
2026-02-05 02:00:00,SENSOR_571,4.101664856601978,7.536046985669653,0
2026-02-05 03:00:00,SENSOR_474,0.7696955127569028,2.3953543586787642,1
2026-02-05 04:00:00,SENSOR_753,5.151572843194864,6.283089561995851,0
2026-02-05 05:00:00,SENSOR_848,4.565339905946549,9.12177383931169,0
2026-02-05 06:00:00,SENSOR_636,5.319601531402421,7.671999171713763,0
2026-02-05 07:00:00,SENSOR_610,6.497591626539202,13.068845314256857,1
2026-02-05 08:00:00,SENSOR_901,6.3953271142394925,4.698823449396986,0
2026-02-05 09:00:00,SENSOR_678,3.2872332131598085,4.3582671260514925,0
2026-02-05 10:00:00,SENSOR_349,4.596211854024829,7.243928692530536,0
2026-02-05 11:00:00,SENSOR_609,6.234783249757476,2.751840096642751,1
2026-02-05 12:00:00,SENSOR_729,6.366850668491426,7.219490677504594,0
2026-02-05 13:00:00,SENSOR_172,8.000179588181435,3.432628752365075,1
2026-02-05 14:00:00,SENSOR_381,5.1614086188453525,5.751234038067127,0
2026-02-05 15:00:00,SENSOR_459,5.309603190726221,8.87447808593685,0
2026-02-05 16:00:00,SENSOR_109,5.319160471568292,7.454153551541716,0
2026-02-05 17:00:00,SENSOR_310,2.204379940617768,7.183854299443837,0
2026-02-05 18:00:00,SENSOR_934,6.785330085721642,4.7515707643841125,0
2026-02-05 19:00:00,SENSOR_251,5.617161608482616,7.7274816540347215,0
2026-02-05 20:00:00,SENSOR_104,5.003896130965339,1.7382985413171754,1
2026-02-05 21:00:00,SENSOR_294,3.292177703752823,4.272134329237418,0
2026-02-05 22:00:00,SENSOR_382,6.510257444608128,10.728303551863087,0
2026-02-05 23:00:00,SENSOR_563,3.04338470232812,6.582864610643751,0
2026-02-06 00:00:00,SENSOR_212,7.087664829699714,7.280492169799632,0
2026-02-06 01:00:00,SENSOR_370,7.548612868572069,6.0583595832165855,0
2026-02-06 02:00:00,SENSOR_262,5.825017083413094,7.677765821847159,0
2026-02-06 03:00:00,SENSOR_559,4.738055866887522,7.325349633980462,0
2026-02-06 04:00:00,SENSOR_204,8.19966826038735,11.762305443652648,1
2026-02-06 05:00:00,SENSOR_792,4.80735019032112,2.102302641250199,1
2026-02-06 06:00:00,SENSOR_655,5.552240138652812,4.927050374035852,0
2026-02-06 07:00:00,SENSOR_381,5.199683501739778,8.785615706622872,0
2026-02-06 08:00:00,SENSOR_786,1.1377410453489172,6.081194149968948,1
2026-02-06 09:00:00,SENSOR_261,6.221410568092578,5.362319087657498,0
2026-02-06 10:00:00,SENSOR_450,5.186770698770805,7.375762804391222,0
2026-02-06 11:00:00,SENSOR_533,4.181234189872657,6.884971721579868,0
2026-02-06 12:00:00,SENSOR_951,2.590744231456737,5.487512057163033,1
2026-02-06 13:00:00,SENSOR_239,1.6384434362985458,6.755791817629694,1
2026-02-06 14:00:00,SENSOR_570,5.1583113703229095,7.688243131820841,0
2026-02-06 15:00:00,SENSOR_231,3.4735332397755982,5.998326424909932,0
2026-02-06 16:00:00,SENSOR_186,4.504640296657448,5.8342893024368525,0
2026-02-06 17:00:00,SENSOR_787,7.080904447897039,4.092241132039124,1
2026-02-06 18:00:00,SENSOR_282,4.973404859399071,7.224901658913053,0
2026-02-06 19:00:00,SENSOR_467,4.786448058115847,6.3043219885946575,0
2026-02-06 20:00:00,SENSOR_228,6.902669051957612,11.285542601417154,1
2026-02-06 21:00:00,SENSOR_345,4.4959124197327665,7.954630821108018,0
2026-02-06 22:00:00,SENSOR_700,7.819769588028009,7.143869690006511,1
2026-02-06 23:00:00,SENSOR_677,4.187024815087323,7.657961118560381,0
2026-02-07 00:00:00,SENSOR_769,5.690256225056388,7.652561858384688,0
2026-02-07 01:00:00,SENSOR_998,6.740119065309269,7.95664531413211,0
2026-02-07 02:00:00,SENSOR_477,7.103037921948079,8.990110976772757,1
2026-02-07 03:00:00,SENSOR_248,1.9401846084989711,10.683870097202606,1
2026-02-07 04:00:00,SENSOR_951,5.910520794976749,1.9697962233291968,1
2026-02-07 05:00:00,SENSOR_532,5.591133065693704,9.701996454255063,0
2026-02-07 06:00:00,SENSOR_727,2.077899110410363,5.954492142678676,1
2026-02-07 07:00:00,SENSOR_825,4.712619433964114,5.768154646093049,0
2026-02-07 08:00:00,SENSOR_568,3.5144680152772816,5.480845801249501,0
2026-02-07 09:00:00,SENSOR_545,6.217929070812978,11.89167477266169,1
2026-02-07 10:00:00,SENSOR_580,4.45378246391802,6.672945815846676,0
2026-02-07 11:00:00,SENSOR_983,4.6176660731960855,6.143312958565041,0
2026-02-07 12:00:00,SENSOR_393,3.963599174192428,6.705066293755322,0
2026-02-07 13:00:00,SENSOR_864,4.713309082982506,6.739056204583365,0
2026-02-07 14:00:00,SENSOR_242,5.311678879949039,6.478018937708748,0
2026-02-07 15:00:00,SENSOR_349,8.340806728243162,8.895451288527912,0
2026-02-07 16:00:00,SENSOR_977,4.5979842607327575,4.205333930877607,0
2026-02-07 17:00:00,SENSOR_401,6.290711426384919,12.616858503670535,1
2026-02-07 18:00:00,SENSOR_124,8.919930827803364,6.1673761057853485,1
2026-02-07 19:00:00,SENSOR_888,4.054497012326007,9.034094499852952,0
2026-02-07 20:00:00,SENSOR_988,4.3902080584962855,8.649089291201301,0
2026-02-07 21:00:00,SENSOR_989,6.352841743139319,9.533294150046855,0
2026-02-07 22:00:00,SENSOR_169,4.195827425520989,10.916076122095703,0
2026-02-07 23:00:00,SENSOR_724,5.249904794373368,5.246785733300039,0
2026-02-08 00:00:00,SENSOR_974,8.309524679756887,7.627377428488267,1
2026-02-08 01:00:00,SENSOR_211,4.031660845347822,9.596908691789944,0
2026-02-08 02:00:00,SENSOR_463,2.0740823435729183,7.7904652901226,0
2026-02-08 03:00:00,SENSOR_402,4.583491164775016,4.537998480984554,0
2026-02-08 04:00:00,SENSOR_570,6.31043288350293,6.403986986331871,0
2026-02-08 05:00:00,SENSOR_190,1.0654551479573233,3.8017260128955,1
2026-02-08 06:00:00,SENSOR_629,2.6170560985221303,10.826261522955132,1
2026-02-08 07:00:00,SENSOR_760,5.483605269256512,9.096875869241765,0
2026-02-08 08:00:00,SENSOR_838,3.169381050228512,1.6157544693986918,1
2026-02-08 09:00:00,SENSOR_825,6.588990421585558,6.382201262149169,0
2026-02-08 10:00:00,SENSOR_971,1.9625312221676565,3.578882189751593,1
2026-02-08 11:00:00,SENSOR_762,2.9294755453381267,11.534882520824537,1
2026-02-08 12:00:00,SENSOR_291,5.3723740666779225,4.498466218236997,0
2026-02-08 13:00:00,SENSOR_651,5.708157165697535,8.155602093190609,0
2026-02-08 14:00:00,SENSOR_341,3.204021576938622,5.470569286857936,0
2026-02-08 15:00:00,SENSOR_237,2.6990371017487584,8.007826360437313,0
2026-02-08 16:00:00,SENSOR_444,2.7526547295461046,3.7386259310270473,1
2026-02-08 17:00:00,SENSOR_279,6.871958401935769,8.877563397159676,0
2026-02-08 18:00:00,SENSOR_811,5.294559753088367,7.99690023160195,0
2026-02-08 19:00:00,SENSOR_602,0.883762909190078,4.7512207594212805,1
2026-02-08 20:00:00,SENSOR_302,0.31929885382114503,4.565926563491287,1
2026-02-08 21:00:00,SENSOR_672,3.34608611076252,5.737071317161837,0
2026-02-08 22:00:00,SENSOR_291,4.379443591078294,5.984420299266951,0
2026-02-08 23:00:00,SENSOR_104,5.344776183747301,5.560472840861717,0
2026-02-09 00:00:00,SENSOR_989,4.92886854041566,7.306429067298177,0
2026-02-09 01:00:00,SENSOR_336,5.990260068594729,0.9359299123269285,1
2026-02-09 02:00:00,SENSOR_792,4.360947156314912,7.1769421367542225,0
2026-02-09 03:00:00,SENSOR_410,7.026898943398363,8.413959391875013,0
2026-02-09 04:00:00,SENSOR_648,5.909565384781978,7.482938529769347,0
2026-02-09 05:00:00,SENSOR_155,4.283298231165213,11.039193010928694,0
2026-02-09 06:00:00,SENSOR_542,5.003966567855743,2.4553292845166976,1
2026-02-09 07:00:00,SENSOR_336,4.277277124710046,2.71710883502672,1
2026-02-09 08:00:00,SENSOR_969,5.030873199699032,5.761922096275698,0
2026-02-09 09:00:00,SENSOR_960,4.742570126795441,6.996646324777856,0
2026-02-09 10:00:00,SENSOR_296,4.697892811721736,7.9791661667197085,0
2026-02-09 11:00:00,SENSOR_684,7.661171128332775,11.850723263075896,1
2026-02-09 12:00:00,SENSOR_670,3.2378371168758524,12.309706361928185,1
2026-02-09 13:00:00,SENSOR_851,2.786989756850377,9.270196986000636,0
2026-02-09 14:00:00,SENSOR_613,7.195458966604469,8.939772481632303,1
2026-02-09 15:00:00,SENSOR_548,5.217270210203998,10.851884097514532,1
2026-02-09 16:00:00,SENSOR_459,3.7310684940638534,5.87518623385906,0
2026-02-09 17:00:00,SENSOR_799,4.143671379911265,1.0180309979049655,1
2026-02-09 18:00:00,SENSOR_918,8.322646954249894,8.979401740937424,0
2026-02-09 19:00:00,SENSOR_129,7.183824836809717,6.979992989757287,0
2026-02-09 20:00:00,SENSOR_878,2.742257607935201,3.8274158583753994,0
2026-02-09 21:00:00,SENSOR_207,4.101915687091969,6.495721258587602,0
2026-02-09 22:00:00,SENSOR_943,4.638170879115465,6.697816404808672,0
2026-02-09 23:00:00,SENSOR_701,5.967913429585004,3.0544251890203564,1
2026-02-10 00:00:00,SENSOR_816,5.478705943124831,7.865463481780401,0
2026-02-10 01:00:00,SENSOR_990,2.3846634352774556,9.025492134059368,1
2026-02-10 02:00:00,SENSOR_544,5.492152178045002,5.814062881949174,0
2026-02-10 03:00:00,SENSOR_992,3.7034893565171667,8.990605336366752,0
2026-02-10 04:00:00,SENSOR_537,3.732825943015849,6.449510707884822,0
2026-02-10 05:00:00,SENSOR_831,2.430734706662403,4.645612933843443,0
2026-02-10 06:00:00,SENSOR_989,6.187155145592081,11.121499721776473,1
2026-02-10 07:00:00,SENSOR_705,3.60644994255525,8.052614981441645,0
2026-02-10 08:00:00,SENSOR_556,3.646534075297299,10.314998473948977,0
2026-02-10 09:00:00,SENSOR_714,8.581839853756051,9.512524210893206,0
2026-02-10 10:00:00,SENSOR_834,8.223268853421953,8.028591661072694,1
2026-02-10 11:00:00,SENSOR_797,6.967037636714619,1.9221995855935208,1
2026-02-10 12:00:00,SENSOR_795,4.862767266488374,12.244473405074597,1
2026-02-10 13:00:00,SENSOR_594,4.141362965359432,7.32576877551841,0
2026-02-10 14:00:00,SENSOR_773,5.082794733480051,7.622423301915451,0
2026-02-10 15:00:00,SENSOR_346,6.378317910743956,6.9615934936895245,0
2026-02-10 16:00:00,SENSOR_642,5.740723407344493,12.136869262198925,0
2026-02-10 17:00:00,SENSOR_663,4.168542495175337,6.61262148766852,0
2026-02-10 18:00:00,SENSOR_956,6.798681974907085,5.263835432004194,0
2026-02-10 19:00:00,SENSOR_687,6.037338050174674,3.5022941498614637,0
2026-02-10 20:00:00,SENSOR_996,5.8132979015223185,9.429962556273672,0
2026-02-10 21:00:00,SENSOR_538,5.681668838509149,2.0862379818823866,1
2026-02-10 22:00:00,SENSOR_377,4.23940400467271,7.090376947163341,0
2026-02-10 23:00:00,SENSOR_651,4.431880381774475,7.044291020612864,0
2026-02-11 00:00:00,SENSOR_712,7.7074444442718235,11.14131720622176,1
2026-02-11 01:00:00,SENSOR_210,7.425849891351213,9.237553039032715,0
2026-02-11 02:00:00,SENSOR_484,3.88257040189075,2.1769065721559038,1
2026-02-11 03:00:00,SENSOR_932,2.885755460932491,7.271540214545558,0
2026-02-11 04:00:00,SENSOR_860,3.5089885533553593,7.327990214045354,0
2026-02-11 05:00:00,SENSOR_290,3.8286488138128005,1.3595569001090817,1
2026-02-11 06:00:00,SENSOR_589,5.194508579480313,2.1089913437131758,1
2026-02-11 07:00:00,SENSOR_793,6.5708022295641815,10.60772511478616,1
2026-02-11 08:00:00,SENSOR_525,5.085719040515649,7.604816103451173,0
2026-02-11 09:00:00,SENSOR_504,6.985783420605538,10.196982319835493,0
2026-02-11 10:00:00,SENSOR_434,4.287138644728836,4.084756255405114,0
2026-02-11 11:00:00,SENSOR_308,4.418546918482869,6.353668831416873,0
2026-02-11 12:00:00,SENSOR_121,9.616227354396385,6.279347888800942,1
2026-02-11 13:00:00,SENSOR_777,6.5118915638330845,8.828867068328371,0
2026-02-11 14:00:00,SENSOR_710,8.406251263246359,8.261511518815674,1
2026-02-11 15:00:00,SENSOR_307,3.607173351818055,8.721189429349938,0
